{
     "name": "drag",
     "groups": [
          {
               "name": "group1",
               "observers": [
                    {
                         "type": "traffic_light",
                         "roi": {
                              "x": 36.0,
                              "y": 318.0,
                              "height": 162.0,
                              "width": 57.0
                         },
                         "pixel_difference": 63.0
                    }
               ]
          },
          {
               "name": "group2",
               "observers": [
                    {
                         "type": "lane_detection",
                         "pMax": 71.400000000000006,
                         "pMin": -77.400000000000006,
                         "kc": 186.80000000000001,
                         "ki": 126.2,
                         "kd": 37.399999999999999,
                         "threshold1": 191.40000000000001,
                         "threshold2": 173.0,
                         "apertureSize": 3.0,
                         "roi": {
                              "x": 0.0,
                              "y": 44.0,
                              "height": 436.0,
                              "width": 640.0
                         }
                    },
                    {
                         "type": "finish_detection",
                         "roi": {
                              "x": 0.0,
                              "y": 415.0,
                              "height": 65.0,
                              "width": 640.0
                         }
                    }
               ]
          }
     ]
}